<?xml version="1.0" encoding="UTF-8"?>
<Configuration>
  <CustomLevels>
    <CustomLevel name="SERVICEINFO" intLevel="450" />
  </CustomLevels>
  <Appenders>
    <Console name="console" target="SYSTEM_OUT">
      <PatternLayout pattern="%-5p %d %c{1} - %m%n"/>
    </Console>
     <RollingFile name="file" fileName="dvk_client.log"
     filePattern="dvk_client-%d{MM-dd-yyyy}-%i.log">
      <PatternLayout>
        <Pattern>%d %5p %C.%M - %m%n</Pattern>
      </PatternLayout>
      <Policies>
        <TimeBasedTriggeringPolicy />
        <SizeBasedTriggeringPolicy size="100 MB"/>
      </Policies>
    </RollingFile>
  </Appenders> 
  <Loggers>
    <Logger name="dvk.client.Client" level="debug">
    	<AppenderRef ref="console"/>
    </Logger>
     <Logger name="dvk.client.OrgCapabilityChecker" level="debug">
    	<AppenderRef ref="console"/>
    </Logger>
     <Logger name="dvk.client.TestClient" level="debug">
    	<AppenderRef ref="console"/>
    </Logger>
    <Logger name="dvk.client.test.CommunicationTestClient" level="debug">
    	<AppenderRef ref="console"/>
    </Logger>
  
    
    <Root level="DEBUG">
      <AppenderRef ref="console"/>
      <AppenderRef ref="file"/>
    </Root>
  </Loggers>
</Configuration>