<?xml version="1.0" encoding="utf-8"?>
<databases>
  <database>
    <provider>ORACLE</provider>
    <server_name>localhost</server_name>
    <server_port>1521</server_port>
    <database_name>XE</database_name>
    <username>dvkclient2</username>
    <password>dvkclient2123</password>
    <process_name>XE</process_name>
    <instance_name></instance_name>
    <schema_name></schema_name>
    <dvk_settings>
      <service_url>http://localhost:8089/dhl/services/dhlHttpSoapPort</service_url>
      <send_documents_ver>3</send_documents_ver> <!-- Võimalikud väärtused: 1, 2, 3 -->
      <receive_documents_ver>4</receive_documents_ver> <!-- Võimalikud väärtused: 1, 2, 3, 4 -->
      <mark_documents_received_ver>3</mark_documents_received_ver> <!-- Võimalikud väärtused: 1, 2, 3 -->
      <get_send_status_ver>2</get_send_status_ver> <!-- Võimalikud väärtused: 1, 2 -->
      <get_sending_options_ver>3</get_sending_options_ver> <!-- Võimalikud väärtused: 1, 2, 3 -->
      <default_status_id>0</default_status_id> <!-- Võimalikud väärtused: 0-11 -->
    </dvk_settings>
  </database>
</databases>