<?xml version="1.0" encoding="UTF-8"?>
<!DOCTYPE log4j:configuration SYSTEM "log4j.dtd">
<log4j:configuration>

    <appender name="console" class="org.apache.log4j.ConsoleAppender">
        <param name="Target" value="System.out"/>
        <layout class="org.apache.log4j.PatternLayout">
            <param name="ConversionPattern" value="%-5p %d %c{1} - %m%n"/>
        </layout>
    </appender>

    <appender name="file" class="org.apache.log4j.RollingFileAppender">
        <param name="file" value="dvk_client.log" />
        <param name="MaxFileSize" value="100MB" />
        <layout class="org.apache.log4j.PatternLayout">
            <param name="ConversionPattern" value="%d %5p %C.%M - %m%n" />
        </layout>
    </appender>
	
    <logger name="dvk.client.Client">
    	<level value="DEBUG"></level>
    	<appender-ref ref="console" />
    </logger>

    <logger name="dvk.client.OrgCapabilityChecker">
        <level value="DEBUG"></level>
        <appender-ref ref="console" />
    </logger>

    <logger name="dvk.client.TestClient">
        <level value="DEBUG"></level>
        <appender-ref ref="console" />
    </logger>

    <logger name="dvk.client.test.CommunicationTestClient">
        <level value="DEBUG"></level>
        <appender-ref ref="console" />
    </logger>

    <root>
		<level value="info" />
		<appender-ref ref="file" />
	</root>
</log4j:configuration>